TYPE(NUM),X,Y,Z
0,0,-106072,4.57272e-41
1,4.57272e-41,2.24208e-44,0
2,0,-1.79768e+06,4.57272e-41
3,4.57272e-41,0,0
4,0,5.32356e-29,0
5,0,-2.41595e+06,4.59121e-41
6,0,-106072,4.57272e-41
7,4.57272e-41,-2.41606e+06,4.59121e-41
8,4.59121e-41,-2.42321e+10,4.57272e-41
9,0,0,0
10,4.59121e-41,-106014,4.57272e-41
11,4.59121e-41,7.00649e-45,0
12,0,-1.86532e+06,4.57272e-41
13,-nan,5.32611e-29,0
14,0,5.73972e-42,0
