TYPE(NUM),X,Y,Z
0,0,-6.02638e-28,4.57062e-41
1,4.57062e-41,2.24208e-44,0
2,0,-1.02618e-26,4.57062e-41
3,4.57062e-41,0,0
4,0,4.9618e-29,0
5,0,-1.97924e+08,4.59121e-41
6,0,-6.02638e-28,4.57062e-41
7,4.57062e-41,2.24208e-44,0
8,0,-1.02618e-26,4.57062e-41
9,0,0,0
10,4.59121e-41,-6.02281e-28,4.57062e-41
11,0,-1.97928e+08,4.59121e-41
12,0,-1.06787e-26,4.57062e-41
13,-nan,4.96308e-29,0
14,0,5.73972e-42,0
