TYPE(NUM),X,Y,Z
0,1,1,0
1,0,0,0
2,0,3.71717e-23,0
3,4.57272e-41,-2.83594e+10,4.57272e-41
4,2.35099e-38,5.35415e-29,0
5,4.57272e-41,5.3207e-29,0
6,0,-2.83594e+10,4.57272e-41
7,4.57272e-41,1.05324e-35,0
8,0,5.32356e-29,0
9,0,-2.41614e+06,4.59121e-41
10,0,-2.83594e+10,4.57272e-41
11,4.57272e-41,-8.23892e+09,4.57272e-41
12,0,5.35415e-29,0
13,0,-2.41627e+06,4.59121e-41
14,0,1.05324e-35,0
