TYPE(NUM),X,Y,Z
0,1,1,0
1,4.57062e-41,4.2039e-45,0
2,0,0,0
3,4.57062e-41,-1.61388e-22,4.57062e-41
4,2.35099e-38,-1.97936e+08,4.59121e-41
5,4.57062e-41,4.96036e-29,0
6,0,-1.61388e-22,4.57062e-41
7,4.57062e-41,6.01853e-36,0
8,0,4.9618e-29,0
9,0,-1.97936e+08,4.59121e-41
10,0,-1.61388e-22,4.57062e-41
11,4.57062e-41,-4.74288e-23,4.57062e-41
12,0,4.9771e-29,0
13,0,-1.97944e+08,4.59121e-41
14,0,6.01853e-36,0
